<?xml version="1.0" encoding="UTF-8"?>
<!DOCTYPE mapper   PUBLIC "-//mybatis.org//DTD Mapper 3.0//EN" "http://mybatis.org/dtd/mybatis-3-mapper.dtd">

<mapper namespace="egov.border.dao.BorderDAO">

<resultMap type="java.util.HashMap" id="BorderesultMap"></resultMap>
   <!-- 메인항목 불러오기-->
  <select id="insertBoard" statementType="CALLABLE"  parameterType="java.util.HashMap">
   {CALL web_main.insertBorder(#{userId},#{userIp},#{title},#{mytextarea},#{filename},#{filetype},#{fileurl})}
   </select>
   
	<select id="selectBorder" statementType="CALLABLE" resultType="java.util.HashMap" parameterType="java.util.HashMap">
   {CALL web_main.selectBorder(#{currentPageNo, mode=IN},#{recordCountPerPage, mode=IN},#{ref_cursor, mode=OUT, jdbcType=CURSOR, javaType=ResultSet, resultMap=BorderesultMap},#{list_count,javaType=INTEGER,mode=OUT,jdbcType=NUMERIC})}
   </select>
   
   <select id="selectBorderView" statementType="CALLABLE"  resultType="java.util.HashMap" parameterType="java.util.HashMap">
   {CALL web_main.selectBorderView(#{borderId},#{ref_cursor, mode=OUT, jdbcType=CURSOR, javaType=ResultSet, resultMap=BorderesultMap})}
   </select>
   
   <select id="insertBorderReply" statementType="CALLABLE"  resultType="java.util.HashMap" parameterType="java.util.HashMap">
   {CALL web_main.insertBorderReply(#{originalId},#{userId},#{userIp},#{title},#{mytextarea})}
   </select>
   
   <select id="updateBorderEdit" statementType="CALLABLE"  resultType="java.util.HashMap" parameterType="java.util.HashMap">
   {CALL web_main.updateBorderEdit(#{originalId},#{userId},#{userIp},#{title},#{mytextarea})}
   </select>
   
   <select id="updateBorderRemove" statementType="CALLABLE"  resultType="java.util.HashMap" parameterType="java.util.HashMap">
   {CALL web_main.updateBorderRemove(#{originalId},#{userId},#{userIp})}
   </select>
   
</mapper>

