<?xml version="1.0" encoding="UTF-8"?>
<!DOCTYPE mapper   PUBLIC "-//mybatis.org//DTD Mapper 3.0//EN" "http://mybatis.org/dtd/mybatis-3-mapper.dtd">

<mapper namespace="egov.web.dao.MainDAO">
<resultMap type="java.util.HashMap" id="oracleResultMap"></resultMap>
   <!-- 메인항목 불러오기-->
   <select id="selectMain" statementType="CALLABLE" resultType="java.util.HashMap" parameterType="java.util.HashMap">
   SELECT 
   USER_ID AS USER_ID
   FROM EGOV_USER
   where rownum=1
   </select>
<select id="selectLogin" statementType="CALLABLE" resultType="java.util.HashMap" parameterType="java.util.HashMap">
   SELECT 
   USER_ID AS USER_ID
   FROM EGOV_USER
   where USER_ID=#{userId}
   </select>
   
   
  <select id="selectLogin2" statementType="CALLABLE" resultType="java.util.HashMap" parameterType="java.util.HashMap">

   { CALL web_main.selectLogin(#{userId},#{ref_cursor, mode=OUT, jdbcType=CURSOR, javaType=ResultSet, resultMap=oracleResultMap})}

   </select>

   
   
</mapper>

