<?xml version="1.0" encoding="UTF-8"?>
<beans xmlns="http://www.springframework.org/schema/beans"
	xmlns:xsi="http://www.w3.org/2001/XMLSchema-instance"
	xmlns:context="http://www.springframework.org/schema/context"
	xmlns:util="http://www.springframework.org/schema/util"
	xsi:schemaLocation="http://www.springframework.org/schema/beans http://www.springframework.org/schema/beans/spring-beans-4.0.xsd
		http://www.springframework.org/schema/context http://www.springframework.org/schema/context/spring-context-4.0.xsd
		http://www.springframework.org/schema/util http://www.springframework.org/schema/util/spring-util-4.3.xsd">

	<context:component-scan base-package="egov">
		<context:exclude-filter type="annotation"
			expression="org.springframework.stereotype.Controller" />
	</context:component-scan>

	<bean id="messageSource"
		class="org.springframework.context.support.ReloadableResourceBundleMessageSource">
		<property name="basenames">
			<list>
				<value>classpath:/egovframework/message/message-common</value>
				<value>classpath:/egovframework/rte/fdl/idgnr/messages/idgnr</value>
				<value>classpath:/egovframework/rte/fdl/property/messages/properties
				</value>
			</list>
		</property>
		<property name="cacheSeconds">
			<value>60</value>
		</property>
	</bean>

	<bean id="leaveaTrace"
		class="egovframework.rte.fdl.cmmn.trace.LeaveaTrace">
		<property name="traceHandlerServices">
			<list>
				<ref bean="traceHandlerService" />
			</list>
		</property>
	</bean>

	<bean id="traceHandlerService"
		class="egovframework.rte.fdl.cmmn.trace.manager.DefaultTraceHandleManager">
		<property name="reqExpMatcher">
			<ref bean="antPathMater" />
		</property>
		<property name="patterns">
			<list>
				<value>*</value>
			</list>
		</property>
		<property name="handlers">
			<list>
				<ref bean="defaultTraceHandler" />
			</list>
		</property>
	</bean>

	<bean id="antPathMater"
		class="org.springframework.util.AntPathMatcher" />
	<bean id="defaultTraceHandler"
		class="egovframework.rte.fdl.cmmn.trace.handler.DefaultTraceHandler" />


<!-- 파일업로드 경로 설정파일 -->
 <util:properties id="fileUploadProperty" location="classpath:egovframework/property/fileUploadProperty.properties" />

<!-- MultipartResolver 등록 -->
<bean id="multipartResolver" class="org.springframework.web.multipart.commons.CommonsMultipartResolver" />


	<!-- 전자정부프레임워크에서 제공하는 거 사용 -->
	<!-- 페이징 처리 빈 -->
	<bean id="textRenderer"	class="egov.lib.util.DefaultPaginationRenderer" />
	<bean id="imageRenderer" class="egov.lib.util.ImagePaginationRenderer" />
	<bean id="paginationManager" class="egovframework.rte.ptl.mvc.tags.ui.pagination.DefaultPaginationManager">
		<property name="rendererType">
			<map>
				<entry key="image" value-ref="imageRenderer" />
				<entry key="text" value-ref="textRenderer" />
			</map>
		</property>
	</bean>

</beans>
