<?xml version="1.0" encoding="UTF-8"?>
<beans xmlns="http://www.springframework.org/schema/beans"
	xmlns:xsi="http://www.w3.org/2001/XMLSchema-instance"
	xmlns:p="http://www.springframework.org/schema/p"
	xmlns:context="http://www.springframework.org/schema/context"
	xmlns:mvc="http://www.springframework.org/schema/mvc"
	xmlns:aop="http://www.springframework.org/schema/aop"
	xsi:schemaLocation="http://www.springframework.org/schema/beans http://www.springframework.org/schema/beans/spring-beans-4.0.xsd
                http://www.springframework.org/schema/context http://www.springframework.org/schema/context/spring-context-4.0.xsd
                http://www.springframework.org/schema/aop http://www.springframework.org/schema/aop/spring-aop-4.2.xsd
                http://www.springframework.org/schema/mvc http://www.springframework.org/schema/mvc/spring-mvc-4.0.xsd">

	<context:component-scan base-package="egov">
		<context:include-filter type="annotation"
			expression="org.springframework.stereotype.Controller" />
		<context:exclude-filter type="annotation"
			expression="org.springframework.stereotype.Service" />
		<context:exclude-filter type="annotation"
			expression="org.springframework.stereotype.Repository" />
	</context:component-scan>



	<!-- AOP -->
	<!-- bean 등록 -->
	<bean id="exampleAop" class="egov.lib.util.ExampleAop" />
	<aop:aspectj-autoproxy></aop:aspectj-autoproxy>
	<!-- Aspect 설정 -->
	<aop:config>
		<aop:aspect ref="exampleAop">
			<aop:pointcut id="targetExample"
				expression="execution(* egov.**.web.*Controller.*(..))" />
			<aop:before pointcut-ref="targetExample"
				method="beforeMethod" />
			<aop:after-throwing pointcut-ref="targetExample"
				method="afterExceptionMethod" throwing="exception" />
		</aop:aspect>

		<aop:aspect ref="exampleAop">
			<aop:pointcut id="targetExample2"
				expression="execution(* egov.**.web.*Controller.*(..))" />
			<aop:after pointcut-ref="targetExample2"
				method="afterMethod" />
		</aop:aspect>

		<aop:aspect ref="exampleAop">
			<aop:pointcut id="targetExample3"
				expression="execution(* egov.**.web.*Controller.*(..))" />
			<aop:around pointcut-ref="targetExample3"
				method="aroundMethod" />
		</aop:aspect>
	</aop:config>
	<!-- /AOP -->

	<bean
		class="org.springframework.web.servlet.mvc.method.annotation.RequestMappingHandlerAdapter">
		<property name="webBindingInitializer">
			<bean
				class="egovframework.example.cmmn.web.EgovBindingInitializer" />
		</property>
	</bean>
	<bean
		class="org.springframework.web.servlet.mvc.method.annotation.RequestMappingHandlerMapping">
		<property name="interceptors">
			<list>
				<ref bean="localeChangeInterceptor" />
			</list>
		</property>
	</bean>

	<bean id="localeResolver"
		class="org.springframework.web.servlet.i18n.SessionLocaleResolver" />
	<!-- 쿠키를 이용한 Locale 이용시 <bean id="localeResolver" class="org.springframework.web.servlet.i18n.CookieLocaleResolver"/> -->
	<bean id="localeChangeInterceptor"
		class="org.springframework.web.servlet.i18n.LocaleChangeInterceptor">
		<property name="paramName" value="language" />
	</bean>

	<bean
		class="org.springframework.web.servlet.handler.SimpleMappingExceptionResolver">
		<property name="defaultErrorView" value="cmmn/egovError" />
		<property name="exceptionMappings">
			<props>
				<prop key="org.springframework.dao.DataAccessException">cmmn/dataAccessFailure</prop>
				<prop
					key="org.springframework.transaction.TransactionException">cmmn/transactionFailure</prop>
				<prop
					key="egovframework.rte.fdl.cmmn.exception.EgovBizException">cmmn/egovError</prop>
				<prop key="org.springframework.security.AccessDeniedException">cmmn/egovError</prop>
			</props>
		</property>
	</bean>

	<bean
		class="org.springframework.web.servlet.view.UrlBasedViewResolver"
		p:order="1"
		p:viewClass="org.springframework.web.servlet.view.JstlView"
		p:prefix="/WEB-INF/jsp/" p:suffix=".jsp" />

	<!-- For Pagination Tag -->
	<bean id="imageRenderer"
		class="egovframework.example.cmmn.web.EgovImgPaginationRenderer" />

	<bean id="paginationManager"
		class="egovframework.rte.ptl.mvc.tags.ui.pagination.DefaultPaginationManager">
		<property name="rendererType">
			<map>
				<entry key="image" value-ref="imageRenderer" />
			</map>
		</property>
	</bean>
	<!-- /For Pagination Tag -->

	<mvc:view-controller path="/cmmn/validator.do"
		view-name="cmmn/validator" />
</beans>